heating_type,MeanAge,MinAge,MaxAge,MedianAge
ELECTRIC,51.3448275862069,2,134,47
FORCED AIR GAS,47.468152866242036,0,119,51
HOT WATER,58.218378378378375,0,139,59
